epoch,train_loss,train_acc,val_loss,val_acc
1,2.185795,0.182927,1.877418,0.2
2,1.851502,0.231707,1.486944,0.4
3,1.571104,0.317073,1.523532,0.3
4,1.482414,0.231707,1.338298,0.5
5,1.387413,0.317073,1.275926,0.3
6,1.280315,0.378049,1.170881,0.5
7,1.136191,0.378049,1.078896,0.4
8,1.029426,0.426829,1.010073,0.6
9,0.948326,0.597561,1.001773,0.5
10,0.961068,0.5,0.991551,0.5
