epoch,train_loss,train_acc,val_loss,val_acc
1,2.213686,0.219512,1.940663,0.3
2,2.053426,0.158537,1.926308,0.2
3,1.974757,0.231707,1.616575,0.4
4,1.523664,0.317073,1.366819,0.4
5,1.387756,0.402439,1.39582,0.3
6,1.371573,0.414634,1.207584,0.6
7,1.392511,0.317073,1.282351,0.4
8,1.329591,0.365854,1.267167,0.4
9,1.292945,0.414634,1.265162,0.4
10,1.297553,0.402439,1.266798,0.4
