epoch,train_loss,train_acc,val_loss,val_acc
1,2.328114,0.219512,1.816752,0.2
2,1.608749,0.292683,1.078464,0.6
3,1.449568,0.365854,1.236149,0.3
4,1.183803,0.402439,1.061323,0.5
5,1.159739,0.439024,0.86255,0.8
6,0.976677,0.512195,0.718591,0.7
7,0.704819,0.780488,0.557193,0.7
8,0.557572,0.792683,0.439524,0.8
9,0.410066,0.841463,0.38836,0.8
10,0.384121,0.914634,0.375024,0.9
