epoch,train_loss,train_acc,val_loss,val_acc
1,1.756137,0.609756,1.794221,0.5
2,1.738762,0.634146,1.836828,0.6
3,1.777921,0.743902,1.893868,0.4
4,1.788363,0.695122,1.844785,0.5
5,1.79718,0.670732,1.766776,0.7
6,1.764533,0.731707,1.752946,0.7
7,1.767747,0.719512,1.763503,0.7
8,1.774057,0.707317,1.778397,0.6
9,1.751831,0.743902,1.766481,0.6
10,1.739006,0.768293,1.762842,0.6
